{"accuracy": [0.5597315430641174, 0.6015660166740417, 0.6196867823600769, 0.6306487917900085, 0.6340044736862183, 0.6474273204803467, 0.6411632895469666, 0.6472035646438599, 0.6519015431404114, 0.6644295454025269], "loss": [1.0549724102020264, 0.9619219303131104, 0.9452899098396301, 0.897447407245636, 0.9053605198860168, 0.8643527030944824, 0.872305691242218, 0.877221405506134, 0.857245922088623, 0.8367953896522522], "val_accuracy": [0.4410029351711273, 0.4646017551422119, 0.5309734344482422, 0.49705013632774353, 0.5737463235855103, 0.5353982448577881, 0.5766961574554443, 0.5619469285011292, 0.5044247508049011, 0.517699122428894], "val_loss": [1.4108160734176636, 1.2813520431518555, 1.0995168685913086, 1.1886885166168213, 1.0091040134429932, 1.0558083057403564, 1.0532875061035156, 1.166011095046997, 1.22812020778656, 1.2665505409240723]}